ID,First Name,Last Name,Mobile,Address,City,State,Zip
699,John,Doe,1120342,1234 Elm St,Los Angeles,CA,12345
942,Alice,Smith,9782984,5678 Oak Ave,New York,NY,67890
781,Bob,Johnson,3623691,9101 Maple Rd,Chicago,IL,54321
973,Carol,Brown,8630100,2468 Pine Ln,Houston,TX,98765
481,David,Lee,7583524,1357 Cedar Dr,San Francisco,CA,43210
190,Emily,Davis,4328668,2468 Birch Pl,Miami,FL,13579
220,Frank,Williams,4671877,9101 Redwood Ct,Dallas,TX,24680
122,Grace,Jones,6404390,5678 Willow Rd,Philadelphia,PA,97531
610,Henry,Chen,1637776,1234 Cedar Ave,Boston,MA,86420
195,Ivy,Martinez,8905039,7890 Pine St,Atlanta,GA,12345
514,Jack,Thompson,9244009,2468 Elm St,Los Angeles,CA,54321
788,Kate,Adams,7350283,1357 Oak Ave,New York,NY,98765
652,Liam,Wilson,4568480,5678 Maple Rd,Chicago,IL,43210
143,Mia,Campbell,8092635,7890 Pine Ln,Houston,TX,13579
880,Noah,Jackson,2653576,1234 Cedar Dr,San Francisco,CA,24680
366,Olivia,Nelson,5429082,2468 Birch Pl,Miami,FL,97531
807,Peter,White,5025705,1357 Redwood Ct,Dallas,TX,86420
505,Quinn,Martin,3932757,5678 Willow Rd,Philadelphia,PA,12345
411,Rose,Hill,4534578,7890 Cedar Ave,Boston,MA,67890
283,Samuel,Turner,9032958,2468 Pine St,Atlanta,GA,54321